"archive_path","candidate_kind","size_bytes","sha256","batch1_classification","preliminary_source_role","has_windows_absolute_path","has_unix_absolute_path","has_likely_credential_reference","has_command_line_interface","imports_torch","imports_torchvision","mentions_darts","contains_view_operation","contains_reshape_operation","release_review_required","final_disposition","public_destination","decision_basis"
"PDARTS/Github/master/01_skin_csv_dataset.py","python_source","4921","f7051fc49578082670f2efbc8c9433830d1a0fe60ba8e163c9a8abdf002c5780","MIGRATE_TO_MAINTAINED","data_loading","true","false","false","true","true","true","true","false","false","true","REVIEW_REQUIRED","","Pending file-level lineage and release review"
"PDARTS/Github/master/02_skin_transforms.py","python_source","2565","71247518dee340a8b0525261a3413c66fb8ef41c9bc79750a1c0ffa2a2ed8a60","MIGRATE_TO_MAINTAINED","general_or_unresolved_source","false","false","false","true","true","true","false","false","false","true","REVIEW_REQUIRED","","Pending file-level lineage and release review"
"PDARTS/Github/master/03_run_search_skin.py","python_source","36180","ba0298a3bd487cbcbb69ee2601d742df070b395ccfd217e6bbd80ced2a897a54","MIGRATE_TO_MAINTAINED","architecture_search","false","true","false","true","true","false","true","false","false","true","REVIEW_REQUIRED","","Pending file-level lineage and release review"
"PDARTS/Github/master/03_run_search_skinTask2 - Copy.py","python_source","37104","3ffc46eac9bb9bbe7be657c21a37814a52b97b0e64b334cc2ec5627bd2099379","MIGRATE_TO_MAINTAINED","architecture_search","false","true","false","true","true","false","true","false","false","true","REVIEW_REQUIRED","","Pending file-level lineage and release review"
"PDARTS/Github/master/03_run_search_skinTask2.py","python_source","37102","668ce3caa6417b79a3f64334fd228c24afb8b4e8bd08af0b5c3823b6a349ecb1","MIGRATE_TO_MAINTAINED","architecture_search","false","true","false","true","true","false","true","false","false","true","REVIEW_REQUIRED","","Pending file-level lineage and release review"
"PDARTS/Github/master/04_multieval_genotype_skin.py","python_source","40126","8360ff3d53d402b0910b635a9a93c8ca2eab7d522a6a3b81740869de7166b3ba","MIGRATE_TO_MAINTAINED","architecture_evaluation","false","true","false","true","true","false","true","true","true","true","REVIEW_REQUIRED","","Pending file-level lineage and release review"
"PDARTS/Github/master/04_multieval_genotype_skin_g0allm.py","python_source","38729","ee940e2f51bcb251af5f8ac11c7dae98871c1d554b77f40c92d3c5d445c65c27","MIGRATE_TO_MAINTAINED","architecture_evaluation","false","true","false","true","true","false","true","true","true","true","REVIEW_REQUIRED","","Pending file-level lineage and release review"
"PDARTS/Github/master/04_multieval_genotype_skinaallinone.py","python_source","40303","7fe2c4322fe5ce0121fc2514b6a017ea9560552db139f1ff176de13f2c1be756","MIGRATE_TO_MAINTAINED","architecture_evaluation","false","true","false","true","true","false","true","true","true","true","REVIEW_REQUIRED","","Pending file-level lineage and release review"
"PDARTS/Github/master/04_OnenSevenmTwodataset.py","python_source","43442","87ea0847ad23ba0e7b8aedde3cae942dad6ef36591754a38389dd977546dc937","MIGRATE_TO_MAINTAINED","data_loading","false","true","false","true","true","false","true","true","true","true","REVIEW_REQUIRED","","Pending file-level lineage and release review"
"PDARTS/Github/master/Derma_split.py","python_source","11398","ddb6457198c71204f6652e86c180bf861d86fafde054fecba2d23b11e9642618","MIGRATE_TO_MAINTAINED","general_or_unresolved_source","true","true","false","true","false","false","true","false","false","true","REVIEW_REQUIRED","","Pending file-level lineage and release review"
"PDARTS/Github/master/genotypes.py","python_source","2818","b88cf33232f8b83dfee3e5ecadc7e12943202f5ce42d0d5486816d5ca2d05929","PUBLISH_AS_HISTORICAL","shared_nas_core","false","false","false","false","false","false","true","false","false","true","REVIEW_REQUIRED","","Pending file-level lineage and release review"
"PDARTS/Github/master/model.py","python_source","7284","7054c78634bf5374390f197200a6d7a66b740ef12d97f27a285073357952f3c8","PUBLISH_AS_HISTORICAL","shared_nas_core","false","false","false","false","true","false","false","true","false","true","REVIEW_REQUIRED","","Pending file-level lineage and release review"
"PDARTS/Github/master/model_search.py","python_source","6003","55031d82f0267cae939c469ae12d1db6002a271e9ecf0a48ae1f9ac0dc0f9384","PUBLISH_AS_HISTORICAL","architecture_search","false","false","false","false","true","false","false","true","false","false","REVIEW_REQUIRED","","Pending file-level lineage and release review"
"PDARTS/Github/master/operations.py","python_source","4144","9fec86be75abba79fb6ecc1265ed13602f71e165906385964cbcffe6d1837522","PUBLISH_AS_HISTORICAL","shared_nas_core","false","false","false","false","true","false","false","false","false","true","REVIEW_REQUIRED","","Pending file-level lineage and release review"
"PDARTS/Github/master/skin_csv_dataset.py","python_source","3499","d7f8ee22e2ce94c23fe9e784b3384ae4a03d4d329540918e33ab8e45340f669b","MIGRATE_TO_MAINTAINED","data_loading","false","false","false","false","true","false","false","false","false","false","REVIEW_REQUIRED","","Pending file-level lineage and release review"
"PDARTS/Github/master/skin_transforms.py","python_source","2625","dbcd25375c81220a8c7b8fce966a662aaaa09160112f5dee344771f8d7874acd","MIGRATE_TO_MAINTAINED","general_or_unresolved_source","false","false","false","true","true","true","false","false","false","true","REVIEW_REQUIRED","","Pending file-level lineage and release review"
"PDARTS/Github/master/splits.py","python_source","6437","2dc6bea51e05b587ed5df858049234858f986c0d9618942dbcc03323a4b81827","MIGRATE_TO_MAINTAINED","data_preparation","false","true","false","true","false","false","true","false","false","true","REVIEW_REQUIRED","","Pending file-level lineage and release review"
"PDARTS/Github/master/test.py","python_source","3279","f474a8304ae3f635636fc80b994989c34cd83ba011d0531306fe4e526aaac5fd","PUBLISH_AS_HISTORICAL","architecture_evaluation","false","false","false","true","true","true","true","false","false","false","REVIEW_REQUIRED","","Pending file-level lineage and release review"
"PDARTS/Github/master/test_imagenet.py","python_source","3334","c1f90f11a5868b96dc223c008c5d98b6d68938a0b1edd7bdd7023db18b740a75","PUBLISH_AS_HISTORICAL","architecture_evaluation","false","true","false","true","true","true","true","false","false","true","REVIEW_REQUIRED","","Pending file-level lineage and release review"
"PDARTS/Github/master/train_cifar.py","python_source","7688","388fe5e87ef7b0c04760e01d9297053c3d040674a2310df6891a282743c95a2a","PUBLISH_AS_HISTORICAL","architecture_evaluation","false","false","false","true","true","true","true","false","false","false","REVIEW_REQUIRED","","Pending file-level lineage and release review"
"PDARTS/Github/master/train_imagenet.py","python_source","10818","a320d898b61164734d22cd62c8e67a728dc135f28ad1d4a6870b48ec0d9f5517","PUBLISH_AS_HISTORICAL","architecture_evaluation","false","false","false","true","true","true","true","false","false","false","REVIEW_REQUIRED","","Pending file-level lineage and release review"
"PDARTS/Github/master/train_search.py","python_source","19015","47029f8aa98515b9eed819348a0fbb0bc6ed22798be4c6ad1ea1db4ed32c2658","PUBLISH_AS_HISTORICAL","architecture_search","false","false","false","true","true","true","true","false","false","false","REVIEW_REQUIRED","","Pending file-level lineage and release review"
"PDARTS/Github/master/utils.py","python_source","3657","6e6e855c44bef47d9e2c5ce52b79f2b131862d8e0b9e783cab54c7cbff64e075","MIGRATE_TO_MAINTAINED","shared_nas_core","false","false","false","false","true","true","false","true","true","true","REVIEW_REQUIRED","","Pending file-level lineage and release review"
"PDARTS/Github/master/visualize.py","python_source","1419","911bef2e2f11dad8d7a9520451437809febd9d359e83f6515338b8787b669d28","PUBLISH_AS_HISTORICAL","general_or_unresolved_source","true","false","false","true","false","false","false","false","false","true","REVIEW_REQUIRED","","Pending file-level lineage and release review"
"PDARTS/Github/pdarts-master - Copy.zip","nested_source_archive","21514","50df0d70713fd8223a23e17496b49d0d4c357ab260df60349560e42b156afaf1","PRESERVE_PRIVATE","bundled_upstream_or_historical_source","false","false","false","false","false","false","true","false","false","true","REVIEW_REQUIRED","","Pending file-level lineage and release review"
"PDARTS/Github/pdarts-master.zip","nested_source_archive","27585","c023d983028090d5f8102052c161b9c073662292f45045af95b1c65b14f56764","PRESERVE_PRIVATE","bundled_upstream_or_historical_source","false","false","false","false","false","false","true","false","false","true","REVIEW_REQUIRED","","Pending file-level lineage and release review"
"PDARTS/split to classes.py","python_source","4419","ce8298ca4c4e4a2c75d73cb8bb7d892dd46e54008a96f9fa3edab49bbb271997","MIGRATE_TO_MAINTAINED","data_preparation","true","false","false","false","false","false","false","false","false","true","REVIEW_REQUIRED","","Pending file-level lineage and release review"
